Nodes,Flows,Packet/s,Speed(m/s),Throughput(Kbps),Delay(ms),Delivery Ratio(%),Drop Ratio (%)
8,5,781.25,0.01,0.14592,149.917,34.2857,64.2857
8,5,1562.5,0.01,0.14592,149.917,34.2857,64.2857
8,5,7812.5,0.01,0.14592,149.917,34.2857,64.2857
8,5,23437.5,0.01,0.14592,149.917,34.2857,64.2857
8,5,39062.5,0.01,0.14592,149.917,34.2857,64.2857
8,5,78125,0.01,0.14592,149.917,34.2857,64.2857
